{"schemaVersion":"1.0","appDefinitionTemplate":{"id":"/providers/Microsoft.PowerApps/apps/","type":"Microsoft.PowerApps/apps","tags":{"primaryDeviceWidth":"1366","primaryDeviceHeight":"768","supportsPortrait":"true","supportsLandscape":"true","primaryFormFactor":"Tablet","showStatusBar":"false","publisherVersion":"3.24032.26","minimumRequiredApiVersion":"2.2.0","hasComponent":"false","hasUnlockedComponent":"false","isUnifiedRootApp":"false","sienaVersion":"20240325T031220Z-3.24032.26.0"},"properties":{"appVersion":"2024-03-25T03:12:20Z","lifeCycleId":"Published","createdByClientVersion":{"major":3,"minor":24032,"build":26,"revision":0,"majorRevision":0,"minorRevision":0},"minClientVersion":{"major":3,"minor":24032,"build":26,"revision":0,"majorRevision":0,"minorRevision":0},"backgroundColor":"RGBA(0,176,240,1)","backgroundImageUri":"/6846107058191344779/N1318d8f0-94de-47c1-94f6-2731772ac7ec-logoSmallFile","displayName":"License Request","description":"","commitMessage":"","appUris":{"documentUri":{"value":"/6846107058191344779/Nf3a30cc0-81d8-4790-800b-e787c6dd8308-document.msapp"},"imageUris":[],"additionalUris":[{"isSolutionAware":false,"value":"/6846107058191344779/Ndfdc9c8a-55fe-45b3-9c23-58129c19253c-identity.json"}]},"createdTime":"0001-01-01T00:00:00Z","lastModifiedTime":"0001-01-01T00:00:00Z","sharedGroupsCount":0,"sharedUsersCount":0,"connectionReferences":{"6b5129ba-4d96-466b-8d04-31c767323bda":{"id":"7b8a5393-0f6b-4480-bc5c-2c591a9d5dd3","displayName":"Grupos do Office 365","iconUri":"https://connectoricons-prod.azureedge.net/releases/v1.0.1681/1.0.1681.3663/office365groups/icon.png","dataSources":["GruposdoOffice365"],"dependencies":[],"dependents":[],"parameterHints":{},"parameterHintsV2":{},"isOnPremiseConnection":false,"bypassConsent":false,"dataSets":{},"apiTier":"Standard","isCustomApiConnection":false},"a3f48742-39dd-4c82-b2a7-8eb7610c9665":{"id":"20454908-84e5-4508-abff-731543d7bacc","displayName":"SharePoint","iconUri":"https://connectoricons-prod.azureedge.net/u/alexsp/sporelease/1.0.1682.3673/sharepointonline/icon.png","dataSources":["License"],"dependencies":[],"dependents":[],"parameterHints":{},"parameterHintsV2":{},"isOnPremiseConnection":false,"bypassConsent":false,"dataSets":{"https://07vgm-my.sharepoint.com/personal/admin_thiagorufino_com":{"dataSources":{"License":{"tableName":"02f299d6-3f5e-44a6-992c-154b7bc450c4"}}}},"apiTier":"Standard","isCustomApiConnection":false,"actions":["providers/PowerPlatform.Governance/Operations/Read","providers/PowerPlatform.Governance/Operations/Write"]}},"databaseReferences":{},"almMode":"Environment","performanceOptimizationEnabled":true,"canConsumeAppPass":false,"enableModernRuntimeMode":false,"executionRestrictions":{"isTeamsOnly":false,"dataLossPreventionEvaluationResult":{"status":"Compliant","lastEvaluationDate":"2024-03-24T18:10:24.301153Z","violations":[],"violationsByPolicy":[],"violationErrorMessage":"O aplicativo usa os seguintes conectores: ."}}},"appType":"ClassicCanvasApp","appComponents":[]}}